"table","column","type","nullable","pk","fk","description"
"AdminTabRows","Id","TEXT","False","True","",""
"AdminTabRows","DataJson","TEXT","False","False","",""
"AdminTabRows","Position","INTEGER","False","False","",""
"AdminTabRows","TabId","TEXT","False","False","AdminTabs.Id (INFERRED)",""
"AdminTabs","Id","TEXT","False","True","",""
"AdminTabs","ColumnsJson","TEXT","False","False","",""
"AdminTabs","ConfigJson","TEXT","False","False","",""
"AdminTabs","FieldIdsJson","TEXT","False","False","",""
"AdminTabs","Label","TEXT","False","False","",""
"AdminTabs","Position","INTEGER","False","False","",""
"AdminTabs","PrimaryActionLabel","TEXT","True","False","",""
"AdminTabs","Type","TEXT","False","False","",""
"Assets","Id","TEXT","False","True","",""
"Assets","Comments","TEXT","False","False","",""
"Assets","MachineId","TEXT","False","False","",""
"Assets","MachineType","TEXT","False","False","",""
"Assets","PmCount","TEXT","False","False","",""
"Assets","Seq","INTEGER","False","False","",""
"Assets","SerialNumber","TEXT","False","False","",""
"AuditLogs","Id","TEXT","False","True","",""
"AuditLogs","Action","TEXT","False","False","",""
"AuditLogs","Details","TEXT","True","False","",""
"AuditLogs","IpAddress","TEXT","True","False","",""
"AuditLogs","Timestamp","TEXT","False","False","",""
"AuditLogs","UserEmail","TEXT","False","False","",""
"AuditLogs","UserId","TEXT","False","False","Users.Id (INFERRED)",""
"Customers","Id","TEXT","False","True","",""
"Customers","CustomerId","TEXT","False","False","",""
"Customers","Industry","TEXT","True","False","",""
"Customers","Logo","TEXT","True","False","",""
"Customers","LogoShape","TEXT","False","False","",""
"Customers","LogoSize","INTEGER","False","False","",""
"Customers","Name","TEXT","False","False","",""
"Customers","Office","TEXT","False","False","",""
"Customers","PhotoScale","INTEGER","False","False","",""
"CustomFieldDefinitions","Id","TEXT","False","True","",""
"CustomFieldDefinitions","FieldType","TEXT","False","False","",""
"CustomFieldDefinitions","IsActive","INTEGER","False","False","",""
"CustomFieldDefinitions","Name","TEXT","False","False","",""
"CustomFieldDefinitions","OptionsJson","TEXT","False","False","",""
"CustomFieldDefinitions","Product","TEXT","True","False","",""
"CustomFieldDefinitions","Scope","TEXT","False","False","",""
"CustomFieldDefinitions","SortOrder","INTEGER","False","False","",""
"Documents","Id","TEXT","False","True","",""
"Documents","ContentType","TEXT","True","False","",""
"Documents","FilePath","TEXT","True","False","",""
"Documents","FileSize","INTEGER","True","False","",""
"Documents","LinkedTo","TEXT","False","False","",""
"Documents","Name","TEXT","False","False","",""
"Documents","Type","TEXT","False","False","",""
"Documents","UploadedAt","TEXT","False","False","",""
"FieldDefinitions","Id","TEXT","False","True","",""
"FieldDefinitions","ActionType","TEXT","True","False","",""
"FieldDefinitions","FieldType","TEXT","False","False","",""
"FieldDefinitions","IsActive","INTEGER","False","False","",""
"FieldDefinitions","LinkToFieldId","TEXT","True","False","",""
"FieldDefinitions","Name","TEXT","False","False","",""
"FieldDefinitions","SortOrder","INTEGER","False","False","",""
"FieldDefinitions","TablesJson","TEXT","False","False","",""
"FieldValues","Id","TEXT","False","True","",""
"FieldValues","EntityId","TEXT","False","False","",""
"FieldValues","FieldDefinitionId","TEXT","False","False","FieldDefinitions.Id (INFERRED)",""
"FieldValues","TableName","TEXT","False","False","",""
"FieldValues","UpdatedAt","TEXT","False","False","",""
"FieldValues","Value","TEXT","False","False","",""
"InspectionPhotos","Id","TEXT","False","True","",""
"InspectionPhotos","ContentType","TEXT","True","False","",""
"InspectionPhotos","FileName","TEXT","False","False","",""
"InspectionPhotos","FilePath","TEXT","False","False","",""
"InspectionPhotos","FileSize","INTEGER","True","False","",""
"InspectionPhotos","InspectionId","TEXT","False","False","Inspections.Id (INFERRED)",""
"InspectionPhotos","UploadedAt","TEXT","False","False","",""
"Inspections","Id","TEXT","False","True","",""
"Inspections","Inspector","TEXT","False","False","",""
"Inspections","InstallationId","TEXT","False","False","Installations.Id (INFERRED)",""
"Inspections","Name","TEXT","False","False","",""
"Inspections","PhotoCount","INTEGER","False","False","",""
"Inspections","ScheduledDate","TEXT","True","False","",""
"Inspections","Status","TEXT","False","False","",""
"Installations","Id","TEXT","False","True","",""
"Installations","ActualFinish","TEXT","True","False","",""
"Installations","ActualStart","TEXT","True","False","",""
"Installations","AssignedTeam","TEXT","False","False","",""
"Installations","AssignedUsers","TEXT","False","False","Users.Id (INFERRED)",""
"Installations","CustomFieldsJson","TEXT","False","False","",""
"Installations","CustomerSignOffContact","TEXT","True","False","",""
"Installations","CustomerSignOffDate","TEXT","True","False","",""
"Installations","InstallationId","TEXT","True","False","",""
"Installations","InstallationName","TEXT","True","False","",""
"Installations","InstallationNumber","TEXT","False","False","",""
"Installations","InstallerNotes","TEXT","True","False","",""
"Installations","MachineType","TEXT","True","False","",""
"Installations","Office","TEXT","False","False","",""
"Installations","Pm1Serial","TEXT","True","False","",""
"Installations","Pm2Serial","TEXT","True","False","",""
"Installations","Pm3Serial","TEXT","True","False","",""
"Installations","Pm4Serial","TEXT","True","False","",""
"Installations","ProjectId","TEXT","False","False","Projects.Id (INFERRED)",""
"Installations","ScheduledEnd","TEXT","False","False","",""
"Installations","ScheduledStart","TEXT","False","False","",""
"Installations","SiteContactEmail","TEXT","True","False","",""
"Installations","SiteContactName","TEXT","True","False","",""
"Installations","SiteContactPhone","TEXT","True","False","",""
"Installations","SiteLocation","TEXT","False","False","",""
"Installations","Status","TEXT","False","False","",""
"InstallationTabRows","Id","TEXT","False","True","",""
"InstallationTabRows","DataJson","TEXT","False","False","",""
"InstallationTabRows","Position","INTEGER","False","False","",""
"InstallationTabRows","TabId","TEXT","False","False","InstallationTabs.Id (INFERRED)",""
"InstallationTabs","Id","TEXT","False","True","",""
"InstallationTabs","Label","TEXT","False","False","",""
"InstallationTabs","Position","INTEGER","False","False","",""
"InstallationTabs","Type","TEXT","False","False","",""
"Issues","Id","TEXT","False","True","",""
"Issues","Description","TEXT","True","False","",""
"Issues","InstallationId","TEXT","False","False","Installations.Id (INFERRED)",""
"Issues","Owner","TEXT","False","False","",""
"Issues","Priority","TEXT","False","False","",""
"Issues","Status","TEXT","False","False","",""
"Issues","Title","TEXT","False","False","",""
"NotificationSettings","Id","INTEGER","False","True","",""
"NotificationSettings","FrontendBaseUrl","TEXT","False","False","",""
"NotificationSettings","SmsApiKey","TEXT","False","False","",""
"NotificationSettings","SmsProvider","TEXT","False","False","",""
"NotificationSettings","SmsSender","TEXT","False","False","",""
"NotificationSettings","SmtpFrom","TEXT","False","False","",""
"NotificationSettings","SmtpHost","TEXT","False","False","",""
"NotificationSettings","SmtpPass","TEXT","False","False","",""
"NotificationSettings","SmtpPort","INTEGER","False","False","",""
"NotificationSettings","SmtpUseSsl","INTEGER","False","False","",""
"NotificationSettings","SmtpUser","TEXT","False","False","",""
"Offices","Id","TEXT","False","True","",""
"Offices","City","TEXT","False","False","",""
"Offices","Country","TEXT","False","False","",""
"Offices","Lat","REAL","False","False","",""
"Offices","Lng","REAL","False","False","",""
"Offices","State","TEXT","False","False","",""
"Products","Id","TEXT","False","True","",""
"Products","Description","TEXT","True","False","",""
"Products","FeaturesJson","TEXT","False","False","",""
"Products","Name","TEXT","False","False","",""
"Projects","Id","TEXT","False","True","",""
"Projects","ApprovalDecision","TEXT","True","False","",""
"Projects","ContractValue","TEXT","True","False","",""
"Projects","CustomerId","TEXT","False","False","Customers.Id (INFERRED)",""
"Projects","CustomerName","TEXT","False","False","",""
"Projects","Description","TEXT","False","False","",""
"Projects","FinishDate","TEXT","False","False","",""
"Projects","InstallationMode","TEXT","True","False","",""
"Projects","IsInstallationProject","INTEGER","False","False","",""
"Projects","JobNumber","TEXT","False","False","",""
"Projects","Office","TEXT","False","False","",""
"Projects","ProbabilityStage","TEXT","True","False","",""
"Projects","ProductFeatureValuesJson","TEXT","False","False","",""
"Projects","ProductIds","TEXT","False","False","Products.Id (INFERRED)",""
"Projects","ProjectManager","TEXT","True","False","Users.FullName (INFERRED)",""
"Projects","ProjectType","TEXT","False","False","",""
"Projects","Region","TEXT","True","False","",""
"Projects","SiteId","TEXT","True","False","Sites.Id (INFERRED)",""
"Projects","StartDate","TEXT","False","False","",""
"Projects","Status","TEXT","False","False","",""
"QuickbaseSettings","Id","INTEGER","False","True","",""
"QuickbaseSettings","Enabled","INTEGER","False","False","",""
"QuickbaseSettings","InstallationsFieldMapJson","TEXT","False","False","",""
"QuickbaseSettings","InstallationsTableId","TEXT","False","False","",""
"QuickbaseSettings","ProjectsFieldMapJson","TEXT","False","False","",""
"QuickbaseSettings","ProjectsTableId","TEXT","False","False","",""
"QuickbaseSettings","RealmHostname","TEXT","False","False","",""
"QuickbaseSettings","UserToken","TEXT","False","False","",""
"RoleConfigs","Id","INTEGER","False","True","",""
"RoleConfigs","ConfigJson","TEXT","False","False","",""
"Sessions","Id","TEXT","False","True","",""
"Sessions","CreatedAt","TEXT","False","False","",""
"Sessions","IpAddress","TEXT","True","False","",""
"Sessions","IsRevoked","INTEGER","False","False","",""
"Sessions","LastActiveAt","TEXT","False","False","",""
"Sessions","UserAgent","TEXT","True","False","",""
"Sessions","UserEmail","TEXT","False","False","",""
"Sessions","UserId","TEXT","False","False","Users.Id (INFERRED)",""
"Sites","Id","TEXT","False","True","",""
"Sites","Address","TEXT","True","False","",""
"Sites","City","TEXT","True","False","",""
"Sites","ContactEmail","TEXT","True","False","",""
"Sites","ContactName","TEXT","True","False","",""
"Sites","ContactPhone","TEXT","True","False","",""
"Sites","Country","TEXT","True","False","",""
"Sites","CreatedAt","TEXT","False","False","",""
"Sites","CustomerId","TEXT","False","False","Customers.Id (INFERRED)",""
"Sites","Name","TEXT","False","False","",""
"Sites","Notes","TEXT","True","False","",""
"Sites","State","TEXT","True","False","",""
"Sites","ZipCode","TEXT","True","False","",""
"TableConfigs","Id","INTEGER","False","True","",""
"TableConfigs","BaseFieldMetaJson","TEXT","False","False","",""
"TableConfigs","BaseFieldNamesJson","TEXT","False","False","",""
"TableConfigs","HiddenJson","TEXT","False","False","",""
"TableConfigs","OrderJson","TEXT","False","False","",""
"TableConfigs","TableName","TEXT","False","False","",""
"Users","Id","TEXT","False","True","",""
"Users","Email","TEXT","False","False","",""
"Users","FullName","TEXT","False","False","",""
"Users","Is2faEnabled","INTEGER","False","False","",""
"Users","IsActive","INTEGER","False","False","",""
"Users","IsFirstLogin","INTEGER","False","False","",""
"Users","Office","TEXT","False","False","",""
"Users","PasswordChangedAt","TEXT","True","False","",""
"Users","PasswordHash","TEXT","False","False","",""
"Users","RecoveryCodesJson","TEXT","True","False","",""
"Users","ResetToken","TEXT","True","False","",""
"Users","ResetTokenExpiresUtc","TEXT","True","False","",""
"Users","Role","TEXT","False","False","",""
"Users","TotpSecret","TEXT","True","False","",""
